{
  "$schema": "https://schema.management.azure.com/schemas/2015-01-01/deploymentParameters.json#",
  "contentVersion": "1.0.0.0",
  "parameters": {

    "vmSize": {
      "value": "Standard_DC2as_v5"
    },
    "osType": {
      "value": "Linux"
    },
    "diskSecurityType": {
      "value": "ConfidentialVM_VMGuestStateOnlyEncryptedWithPlatformKey"
    },
    "osDiskStorageAccountID": {
      "value": "/subscriptions/3420a67a-1234-423f-8675-78956a255896/resourceGroups/decui-storage-account-202303/providers/Microsoft.Storage/storageAccounts/decuistoracct20230802"
    },
    "osDiskURL": {
      "value": "https://decuistoracct20230802.blob.core.windows.net/decui-blob-container/decui-2023-0601-ubuntu-20.04.azure.vhd"
    },
    "osDiskVmgsURL": {
      "value": "https://decuistoracct20230802.blob.core.windows.net/decui-blob-container/Linux_vmgs.vhd"
    }
  }
}

